name,label,district_key,district,attribute_1,attribute_2,latitude,longitude,source_file,id
pt_01412,Mumbwa - gulley,mumbwa,Mumbwa,gulley,severity=5,-15.132637454125918,27.392479000089693,Zambia/CFU_Central_Nangoma.shp,pt_01412
pt_01413,Mumbwa - flood,mumbwa,Mumbwa,flood,severity=5,-15.130865914728554,27.39247635862937,Zambia/CFU_Central_Nangoma.shp,pt_01413
pt_01414,Mumbwa - grazery pasture,mumbwa,Mumbwa,grazery pasture,severity=0,-15.130559945573193,27.391235147424478,Zambia/CFU_Central_Nangoma.shp,pt_01414
pt_01415,Mumbwa - grazery pasture,mumbwa,Mumbwa,grazery pasture,severity=0,-15.13055306677025,27.387864533977396,Zambia/CFU_Central_Nangoma.shp,pt_01415
pt_01416,Mumbwa - flood,mumbwa,Mumbwa,flood,severity=5,-15.130573703179111,27.386598834233997,Zambia/CFU_Central_Nangoma.shp,pt_01416
pt_01417,Mumbwa - grazery pasture,mumbwa,Mumbwa,grazery pasture,severity=0,-15.130429248317093,27.38269167415655,Zambia/CFU_Central_Nangoma.shp,pt_01417
pt_01418,Mumbwa - flood,mumbwa,Mumbwa,flood,severity=5,-15.129646440541016,27.380536957919468,Zambia/CFU_Central_Nangoma.shp,pt_01418
pt_01419,Mumbwa - grazery pasture,mumbwa,Mumbwa,grazery pasture,severity=0,-15.130751451447434,27.37664960879454,Zambia/CFU_Central_Nangoma.shp,pt_01419
pt_01420,Mumbwa - flood,mumbwa,Mumbwa,flood,severity=5,-15.1304564883768,27.375659061169273,Zambia/CFU_Central_Nangoma.shp,pt_01420
pt_01421,Mumbwa - borehole,mumbwa,Mumbwa,borehole,severity=2,-15.134414276444,27.368474289060664,Zambia/CFU_Central_Nangoma.shp,pt_01421
pt_01422,Mumbwa - gulley,mumbwa,Mumbwa,gulley,severity=5,-15.133529387232096,27.366347913491758,Zambia/CFU_Central_Nangoma.shp,pt_01422
pt_01423,Mumbwa - gulley,mumbwa,Mumbwa,gulley,severity=5,-15.132635693152409,27.365854840896066,Zambia/CFU_Central_Nangoma.shp,pt_01423
pt_01424,Mumbwa - ,mumbwa,Mumbwa,,severity=0,-15.14784169980878,27.369755397322702,Zambia/CFU_Central_Nangoma.shp,pt_01424
pt_01425,Mumbwa - permanent wetlands,mumbwa,Mumbwa,permanent wetlands,severity=0,-15.147590761077046,27.370261677220064,Zambia/CFU_Central_Nangoma.shp,pt_01425
pt_01426,Mumbwa - grazery pasture,mumbwa,Mumbwa,grazery pasture,severity=0,-15.14687689610356,27.369338197923582,Zambia/CFU_Central_Nangoma.shp,pt_01426
pt_01427,Mumbwa - gulley,mumbwa,Mumbwa,gulley,severity=5,-15.145917836198814,27.37160001712265,Zambia/CFU_Central_Nangoma.shp,pt_01427
pt_01428,Mumbwa - borehole,mumbwa,Mumbwa,borehole,severity=2,-15.148300257322775,27.37702469616202,Zambia/CFU_Central_Nangoma.shp,pt_01428
pt_01429,Mumbwa - borehole,mumbwa,Mumbwa,borehole,severity=1,-15.14660819286321,27.374278898144798,Zambia/CFU_Central_Nangoma.shp,pt_01429
pt_01430,Mumbwa - sacred forest,mumbwa,Mumbwa,sacred forest,severity=0,-15.145891421595486,27.378604289441803,Zambia/CFU_Central_Nangoma.shp,pt_01430
pt_01431,Mumbwa - flood,mumbwa,Mumbwa,flood,severity=5,-15.146485750170651,27.389755654485413,Zambia/CFU_Central_Nangoma.shp,pt_01431
pt_01432,Mumbwa - grazery pasture,mumbwa,Mumbwa,grazery pasture,severity=0,-15.145997080008852,27.388963216385196,Zambia/CFU_Central_Nangoma.shp,pt_01432
pt_01433,Mumbwa - ,mumbwa,Mumbwa,,severity=0,-15.141867386020731,27.39419157350995,Zambia/CFU_Central_Nangoma.shp,pt_01433
pt_01434,Mumbwa - water conflicts,mumbwa,Mumbwa,water conflicts,severity=0,-15.138133175235751,27.393386878318573,Zambia/CFU_Central_Nangoma.shp,pt_01434
pt_01435,Mumbwa - borehole,mumbwa,Mumbwa,borehole,severity=2,-15.139810315440675,27.391967121016386,Zambia/CFU_Central_Nangoma.shp,pt_01435
pt_01436,Mumbwa - irrigation,mumbwa,Mumbwa,irrigation,severity=0,-15.14011917492396,27.392241441374654,Zambia/CFU_Central_Nangoma.shp,pt_01436
pt_01437,Mumbwa - borehole,mumbwa,Mumbwa,borehole,severity=2,-15.139292999053673,27.388749907795734,Zambia/CFU_Central_Nangoma.shp,pt_01437
pt_01438,Mumbwa - borehole,mumbwa,Mumbwa,borehole,severity=2,-15.138408159807984,27.384780990372025,Zambia/CFU_Central_Nangoma.shp,pt_01438
pt_01439,Mumbwa - irrigation,mumbwa,Mumbwa,irrigation,severity=0,-15.138716355077324,27.3850147936798,Zambia/CFU_Central_Nangoma.shp,pt_01439
pt_01440,Mumbwa - borehole,mumbwa,Mumbwa,borehole,severity=2,-15.135910715384021,27.382612996063568,Zambia/CFU_Central_Nangoma.shp,pt_01440
pt_01441,Mumbwa - sacred forest,mumbwa,Mumbwa,sacred forest,severity=0,-15.136234851787982,27.38379795373707,Zambia/CFU_Central_Nangoma.shp,pt_01441
pt_01442,Mumbwa - borehole,mumbwa,Mumbwa,borehole,severity=2,-15.136048871884077,27.379440710273993,Zambia/CFU_Central_Nangoma.shp,pt_01442
pt_01443,Mumbwa - flood,mumbwa,Mumbwa,flood,severity=5,-15.133769289633275,27.373159903233308,Zambia/CFU_Central_Nangoma.shp,pt_01443
pt_01444,Mumbwa - gulley,mumbwa,Mumbwa,gulley,severity=5,-15.13755796596155,27.373244922617953,Zambia/CFU_Central_Nangoma.shp,pt_01444
pt_01445,Mumbwa - borehole,mumbwa,Mumbwa,borehole,severity=2,-15.137882102365518,27.379908316889566,Zambia/CFU_Central_Nangoma.shp,pt_01445
pt_01446,Mumbwa - borehole,mumbwa,Mumbwa,borehole,severity=2,-15.137999004019406,27.378229184042812,Zambia/CFU_Central_Nangoma.shp,pt_01446
pt_01447,Mumbwa - borehole,mumbwa,Mumbwa,borehole,severity=2,-15.139630313462295,27.37637469871523,Zambia/CFU_Central_Nangoma.shp,pt_01447
pt_01448,Mumbwa - borehole,mumbwa,Mumbwa,borehole,severity=2,-15.139602748583695,27.370828512295002,Zambia/CFU_Central_Nangoma.shp,pt_01448
pt_01449,Mumbwa - borehole,mumbwa,Mumbwa,borehole,severity=2,-15.140848149725967,27.370928144386387,Zambia/CFU_Central_Nangoma.shp,pt_01449
pt_01450,Mumbwa - borehole,mumbwa,Mumbwa,borehole,severity=2,-15.141346310182875,27.374074857939192,Zambia/CFU_Central_Nangoma.shp,pt_01450
pt_01451,Mumbwa - borehole,mumbwa,Mumbwa,borehole,severity=2,-15.143535891444483,27.375965542926668,Zambia/CFU_Central_Nangoma.shp,pt_01451
pt_01452,Mumbwa - irrigation,mumbwa,Mumbwa,irrigation,severity=2,-15.144040694040816,27.376231228503684,Zambia/CFU_Central_Nangoma.shp,pt_01452
pt_01453,Mumbwa - grazery pasture,mumbwa,Mumbwa,grazery pasture,severity=0,-15.14393973352155,27.374493644829986,Zambia/CFU_Central_Nangoma.shp,pt_01453
pt_01454,Mumbwa - irrigation,mumbwa,Mumbwa,irrigation,severity=2,-15.144773986233382,27.38070005990912,Zambia/CFU_Central_Nangoma.shp,pt_01454
pt_01455,Mumbwa - borehole,mumbwa,Mumbwa,borehole,severity=2,-15.14474741767568,27.380328100101295,Zambia/CFU_Central_Nangoma.shp,pt_01455
pt_01456,Mumbwa - borehole,mumbwa,Mumbwa,borehole,severity=2,-15.142624922022291,27.385175533454007,Zambia/CFU_Central_Nangoma.shp,pt_01456
pt_01457,Mumbwa - irrigation,mumbwa,Mumbwa,irrigation,severity=0,-15.142281855520965,27.38548240029546,Zambia/CFU_Central_Nangoma.shp,pt_01457
pt_01458,Mumbwa - borehole,mumbwa,Mumbwa,borehole,severity=2,-15.141367897136025,27.389148861258303,Zambia/CFU_Central_Nangoma.shp,pt_01458
pt_01459,Mumbwa - irrigation,mumbwa,Mumbwa,irrigation,severity=0,-15.140485821020334,27.381401469832486,Zambia/CFU_Central_Nangoma.shp,pt_01459
pt_01460,Chibombo - shallow-well,chibombo,Chibombo,shallow-well,severity=0,-15.002958543651822,27.916108702541464,Zambia/CFU_Kalola_Chibombo.shp,pt_01460
pt_01461,Chibombo - borehole,chibombo,Chibombo,borehole,severity=2,-15.004970458248652,27.91597251930569,Zambia/CFU_Kalola_Chibombo.shp,pt_01461
pt_01462,Chibombo - erosion,chibombo,Chibombo,erosion,severity=3,-15.004987537833161,27.91480763118326,Zambia/CFU_Kalola_Chibombo.shp,pt_01462
pt_01463,Chibombo - borehole,chibombo,Chibombo,borehole,severity=2,-14.999011497015148,27.915806257863608,Zambia/CFU_Kalola_Chibombo.shp,pt_01463
pt_01464,Chibombo - irrigation,chibombo,Chibombo,irrigation,severity=0,-14.999113521081924,27.91525079350005,Zambia/CFU_Kalola_Chibombo.shp,pt_01464
pt_01465,Chibombo - pollinators,chibombo,Chibombo,pollinators,severity=0,-14.999962210170738,27.913704864381554,Zambia/CFU_Kalola_Chibombo.shp,pt_01465
pt_01466,Chibombo - surface water,chibombo,Chibombo,surface water,severity=0,-14.999400699936558,27.912688855823237,Zambia/CFU_Kalola_Chibombo.shp,pt_01466
pt_01467,Chibombo - pollinators,chibombo,Chibombo,pollinators,severity=0,-14.998138624443847,27.91205403940774,Zambia/CFU_Kalola_Chibombo.shp,pt_01467
pt_01468,Chibombo - fertility loss,chibombo,Chibombo,fertility loss,severity=0,-14.99860551680277,27.911692798637976,Zambia/CFU_Kalola_Chibombo.shp,pt_01468
pt_01469,Chibombo - grazing disputes,chibombo,Chibombo,grazing disputes,severity=0,-14.997951107987792,27.9104901427175,Zambia/CFU_Kalola_Chibombo.shp,pt_01469
pt_01470,Chibombo - irrigation,chibombo,Chibombo,irrigation,severity=0,-14.997404972213674,27.909595291871394,Zambia/CFU_Kalola_Chibombo.shp,pt_01470
pt_01471,Chibombo - erosion,chibombo,Chibombo,erosion,severity=5,-15.001325710456925,27.90927240754549,Zambia/CFU_Kalola_Chibombo.shp,pt_01471
pt_01472,Chibombo - erosion,chibombo,Chibombo,erosion,severity=2,-14.999840442557723,27.90415496773774,Zambia/CFU_Kalola_Chibombo.shp,pt_01472
pt_01473,Chibombo - grazing disputes,chibombo,Chibombo,grazing disputes,severity=0,-15.000466284634014,27.89837903579068,Zambia/CFU_Kalola_Chibombo.shp,pt_01473
pt_01474,Chibombo - water conflicts,chibombo,Chibombo,water conflicts,severity=5,-15.001737277785894,27.903639698967176,Zambia/CFU_Kalola_Chibombo.shp,pt_01474
pt_01475,Chibombo - borehole,chibombo,Chibombo,borehole,severity=2,-15.001938000690604,27.903683229235664,Zambia/CFU_Kalola_Chibombo.shp,pt_01475
pt_01476,Chibombo - gulley,chibombo,Chibombo,gulley,severity=5,-15.002095193326822,27.903828330130636,Zambia/CFU_Kalola_Chibombo.shp,pt_01476
pt_01477,Chibombo - irrigation,chibombo,Chibombo,irrigation,severity=0,-15.00254016940473,27.90361793383293,Zambia/CFU_Kalola_Chibombo.shp,pt_01477
pt_01478,Chibombo - gulley,chibombo,Chibombo,gulley,severity=3,-15.006432803205831,27.901103456240502,Zambia/CFU_Kalola_Chibombo.shp,pt_01478
pt_01479,Chibombo - pollinators,chibombo,Chibombo,pollinators,severity=0,-15.008424161842532,27.90834338631245,Zambia/CFU_Kalola_Chibombo.shp,pt_01479
pt_01480,Chibombo - borehole,chibombo,Chibombo,borehole,severity=2,-15.00733575398349,27.908232142292984,Zambia/CFU_Kalola_Chibombo.shp,pt_01480
pt_01481,Chibombo - water conflicts,chibombo,Chibombo,water conflicts,severity=4,-15.007207581526266,27.908355478053707,Zambia/CFU_Kalola_Chibombo.shp,pt_01481
pt_01482,Chibombo - gulley,chibombo,Chibombo,gulley,severity=5,-15.006455475220672,27.91319217455271,Zambia/CFU_Kalola_Chibombo.shp,pt_01482
pt_01483,Chibombo - erosion,chibombo,Chibombo,erosion,severity=5,-15.006506260533913,27.912996288344498,Zambia/CFU_Kalola_Chibombo.shp,pt_01483
pt_01484,Chibombo - erosion,chibombo,Chibombo,erosion,severity=2,-15.006532827110513,27.911228512318033,Zambia/CFU_Kalola_Chibombo.shp,pt_01484
pt_01485,Chibombo - sacred forest,chibombo,Chibombo,sacred forest,severity=0,-15.005613481597702,27.911147616956875,Zambia/CFU_Kalola_Chibombo.shp,pt_01485
pt_01486,Chibombo - pollinators,chibombo,Chibombo,pollinators,severity=0,-15.005594220797423,27.911392504274726,Zambia/CFU_Kalola_Chibombo.shp,pt_01486
pt_01487,Chibombo - gulley,chibombo,Chibombo,gulley,severity=5,-15.005129210047796,27.909705808478737,Zambia/CFU_Kalola_Chibombo.shp,pt_01487
pt_01488,Chibombo - water conflicts,chibombo,Chibombo,water conflicts,severity=3,-15.002735367727244,27.908877594066716,Zambia/CFU_Kalola_Chibombo.shp,pt_01488
pt_01489,Chibombo - erosion,chibombo,Chibombo,erosion,severity=4,-15.002498735038083,27.90877303543662,Zambia/CFU_Kalola_Chibombo.shp,pt_01489
pt_01490,Chibombo - borehole,chibombo,Chibombo,borehole,severity=2,-15.002443704180138,27.909026177383165,Zambia/CFU_Kalola_Chibombo.shp,pt_01490
pt_01491,Chibombo - pollinators,chibombo,Chibombo,pollinators,severity=0,-15.002564084181907,27.90748514138932,Zambia/CFU_Kalola_Chibombo.shp,pt_01491
pt_01492,Chibombo - shallow-well,chibombo,Chibombo,shallow-well,severity=0,-15.00280690784257,27.908503384232695,Zambia/CFU_Kalola_Chibombo.shp,pt_01492
pt_01493,Chibombo - sacred forest,chibombo,Chibombo,sacred forest,severity=0,-15.002323324178402,27.907713003535495,Zambia/CFU_Kalola_Chibombo.shp,pt_01493
pt_01494,Chibombo - forest loss,chibombo,Chibombo,forest loss,severity=0,-15.002127276746977,27.905916933909342,Zambia/CFU_Kalola_Chibombo.shp,pt_01494
pt_01495,Monze - Flooding,monze,Monze,Flooding,severity=5,-16.348094132638412,27.472124382147754,Zambia/CFU_Monze.shp,pt_01495
pt_01496,Monze - Gulley,monze,Monze,Gulley,severity=5,-16.351327160790728,27.47442128961702,Zambia/CFU_Monze.shp,pt_01496
pt_01497,Monze - Permanent Wetland,monze,Monze,Permanent Wetland,severity=0,-16.353090371327067,27.474899448406532,Zambia/CFU_Monze.shp,pt_01497
pt_01498,Monze - Land Tenure,monze,Monze,Land Tenure,severity=1,-16.336964466150615,27.491385765770602,Zambia/CFU_Monze.shp,pt_01498
pt_01499,Monze - Erosion,monze,Monze,Erosion,severity=5,-16.34261611392717,27.462491484642143,Zambia/CFU_Monze.shp,pt_01499
pt_01500,Monze - Borehole,monze,Monze,Borehole,severity=0,-16.35104698962501,27.46935953055615,Zambia/CFU_Monze.shp,pt_01500
pt_01501,Monze - Seasonsl wetlands,monze,Monze,Seasonsl wetlands,severity=0,-16.35248426770522,27.468779576243083,Zambia/CFU_Monze.shp,pt_01501
pt_01502,Monze - Borehole,monze,Monze,Borehole,severity=2,-16.353455565102593,27.47064921446627,Zambia/CFU_Monze.shp,pt_01502
pt_01503,Monze - permanent wetland,monze,Monze,permanent wetland,severity=0,-16.357006230320174,27.480067672510504,Zambia/CFU_Monze.shp,pt_01503
pt_01504,Monze - flooding,monze,Monze,flooding,severity=5,-16.35680450708085,27.477184711215116,Zambia/CFU_Monze.shp,pt_01504
pt_01505,Monze - sacred forest,monze,Monze,sacred forest,severity=0,-16.355770675479302,27.47118344484514,Zambia/CFU_Monze.shp,pt_01505
pt_01506,Monze - borehole,monze,Monze,borehole,severity=0,-16.35639265546723,27.47041857756269,Zambia/CFU_Monze.shp,pt_01506
pt_01507,Monze - erosion,monze,Monze,erosion,severity=5,-16.356891710356194,27.466996111666287,Zambia/CFU_Monze.shp,pt_01507
pt_01508,Monze - borehole,monze,Monze,borehole,severity=2,-16.35879599874828,27.465262552578313,Zambia/CFU_Monze.shp,pt_01508
pt_01509,Monze - land tenure,monze,Monze,land tenure,severity=0,-16.3589667280524,27.466759717245196,Zambia/CFU_Monze.shp,pt_01509
pt_01510,Monze - seasonal wetland,monze,Monze,seasonal wetland,severity=0,-16.36217538832796,27.486455575089238,Zambia/CFU_Monze.shp,pt_01510
pt_01511,Monze - ,monze,Monze,,severity=0,-16.360308178254922,27.463413476584016,Zambia/CFU_Monze.shp,pt_01511
pt_01512,Monze - water conflicts,monze,Monze,water conflicts,severity=0,-16.3585485539095,27.46440804686621,Zambia/CFU_Monze.shp,pt_01512
pt_01513,Monze - seasonal stream,monze,Monze,seasonal stream,severity=0,-16.362249502940358,27.460621029253247,Zambia/CFU_Monze.shp,pt_01513
pt_01514,Monze - seasonal wetland,monze,Monze,seasonal wetland,severity=0,-16.363234139841435,27.464825058736587,Zambia/CFU_Monze.shp,pt_01514
pt_01515,Monze - seasonal wetland,monze,Monze,seasonal wetland,severity=0,-16.37200334454804,27.46365614216973,Zambia/CFU_Monze.shp,pt_01515
pt_01516,Monze - seasonal stream,monze,Monze,seasonal stream,severity=0,-16.37150307091451,27.452375778626546,Zambia/CFU_Monze.shp,pt_01516
pt_01517,Monze - flooding,monze,Monze,flooding,severity=5,-16.364654903144785,27.472343353471448,Zambia/CFU_Monze.shp,pt_01517
pt_01518,Monze - seasonal stream,monze,Monze,seasonal stream,severity=0,-16.369689578993025,27.458987594001016,Zambia/CFU_Monze.shp,pt_01518
pt_01519,Monze - river,monze,Monze,river,severity=0,-16.351809230302955,27.45084249289224,Zambia/CFU_Monze.shp,pt_01519
pt_01520,Monze - ridges,monze,Monze,ridges,severity=0,-16.37315778064346,27.48158279658722,Zambia/CFU_Monze.shp,pt_01520
pt_01521,Monze - dam,monze,Monze,dam,severity=0,-16.37371154150047,27.47598187632763,Zambia/CFU_Monze.shp,pt_01521
pt_01522,Monze - seasonal stream,monze,Monze,seasonal stream,severity=0,-16.350766825427893,27.471181557486375,Zambia/CFU_Monze.shp,pt_01522
pt_01523,Mpongwe - ridges,mpongwe,Mpongwe,ridges,severity=2,-13.513674106825686,28.042221074330342,Zambia/CFU_Mpongwe.shp,pt_01523
pt_01524,Mpongwe - gulley,mpongwe,Mpongwe,gulley,severity=3,-13.526672152216893,28.035806543496914,Zambia/CFU_Mpongwe.shp,pt_01524
pt_01525,Mpongwe - gulley,mpongwe,Mpongwe,gulley,severity=4,-13.535867492919456,28.035984090585664,Zambia/CFU_Mpongwe.shp,pt_01525
pt_01526,Mpongwe - erosion,mpongwe,Mpongwe,erosion,severity=0,-13.522666029712818,28.02780529705993,Zambia/CFU_Mpongwe.shp,pt_01526
pt_01527,Mpongwe - ,mpongwe,Mpongwe,,severity=0,-13.513531384085546,28.027606265738715,Zambia/CFU_Mpongwe.shp,pt_01527
pt_01528,Mpongwe - gulley,mpongwe,Mpongwe,gulley,severity=0,-13.514587532362677,28.025679508746652,Zambia/CFU_Mpongwe.shp,pt_01528
pt_01529,Mpongwe - erosion,mpongwe,Mpongwe,erosion,severity=2,-13.514728471068585,28.018904638675032,Zambia/CFU_Mpongwe.shp,pt_01529
pt_01530,Mpongwe - ridges,mpongwe,Mpongwe,ridges,severity=2,-13.51481767278118,28.014444553045266,Zambia/CFU_Mpongwe.shp,pt_01530
pt_01531,Mpongwe - borehole,mpongwe,Mpongwe,borehole,severity=2,-13.51152745312988,28.011369722264337,Zambia/CFU_Mpongwe.shp,pt_01531
pt_01532,Mpongwe - gulley,mpongwe,Mpongwe,gulley,severity=0,-13.515355575332586,28.046971258749338,Zambia/CFU_Mpongwe.shp,pt_01532
pt_01533,Mpongwe - gulley,mpongwe,Mpongwe,gulley,severity=5,-13.49077903079137,28.012027308589435,Zambia/CFU_Mpongwe.shp,pt_01533
pt_01534,Mpongwe - erosion,mpongwe,Mpongwe,erosion,severity=4,-13.487572860294714,28.004072376130743,Zambia/CFU_Mpongwe.shp,pt_01534
pt_01535,Mpongwe - borehole,mpongwe,Mpongwe,borehole,severity=1,-13.4942901286702,28.018854462711836,Zambia/CFU_Mpongwe.shp,pt_01535
pt_01536,Mpongwe - yield,mpongwe,Mpongwe,yield,severity=5,-13.493901961842734,28.035235869408147,Zambia/CFU_Mpongwe.shp,pt_01536
pt_01537,Mpongwe - borehole,mpongwe,Mpongwe,borehole,severity=1,-13.517126081851385,28.050166677421412,Zambia/CFU_Mpongwe.shp,pt_01537
pt_01538,Mpongwe - ridges,mpongwe,Mpongwe,ridges,severity=2,-13.51583706803636,28.04840978200384,Zambia/CFU_Mpongwe.shp,pt_01538
pt_01539,Shibuyunji - grazery_high_pressure,shibuyunji,Shibuyunji,grazery_high_pressure,severity=5,-15.19139437460944,27.639341590927344,Zambia/CFU_Mulela_Shibuyinji_Older_Men.shp,pt_01539
pt_01540,Shibuyunji - borehole,shibuyunji,Shibuyunji,borehole,severity=3,-15.200082496554808,27.63815645947455,Zambia/CFU_Mulela_Shibuyinji_Older_Men.shp,pt_01540
pt_01541,Shibuyunji - run_off,shibuyunji,Shibuyunji,run_off,severity=2,-15.191113012466,27.64169906464466,Zambia/CFU_Mulela_Shibuyinji_Older_Men.shp,pt_01541
pt_01542,Shibuyunji - grazery_pressure,shibuyunji,Shibuyunji,grazery_pressure,severity=5,-15.197729285900367,27.661833510153993,Zambia/CFU_Mulela_Shibuyinji_Older_Men.shp,pt_01542
pt_01543,Shibuyunji - water_conflicts,shibuyunji,Shibuyunji,water_conflicts,severity=5,-15.195414442810897,27.662417549754835,Zambia/CFU_Mulela_Shibuyinji_Older_Men.shp,pt_01543
pt_01544,Shibuyunji - river,shibuyunji,Shibuyunji,river,severity=1,-15.193594115003895,27.65985544902414,Zambia/CFU_Mulela_Shibuyinji_Older_Men.shp,pt_01544
pt_01545,Shibuyunji - grazing,shibuyunji,Shibuyunji,grazing,severity=5,-15.198205150283169,27.657152667221705,Zambia/CFU_Mulela_Shibuyinji_Older_Men.shp,pt_01545
pt_01546,Shibuyunji - yields,shibuyunji,Shibuyunji,yields,severity=4,-15.197166028730576,27.65648656366235,Zambia/CFU_Mulela_Shibuyinji_Older_Men.shp,pt_01546
pt_01547,Shibuyunji - yields,shibuyunji,Shibuyunji,yields,severity=4,-15.19869806691709,27.656433275377605,Zambia/CFU_Mulela_Shibuyinji_Older_Men.shp,pt_01547
pt_01548,Shibuyunji - water_conflicts,shibuyunji,Shibuyunji,water_conflicts,severity=5,-15.198790788532552,27.660081391351465,Zambia/CFU_Mulela_Shibuyinji_Older_Men.shp,pt_01548
pt_01549,Shibuyunji - river,shibuyunji,Shibuyunji,river,severity=1,-15.199044440767954,27.664233348057632,Zambia/CFU_Mulela_Shibuyinji_Older_Men.shp,pt_01549
pt_01550,Shibuyunji - river,shibuyunji,Shibuyunji,river,severity=1,-15.200769648986679,27.666131743201795,Zambia/CFU_Mulela_Shibuyinji_Older_Men.shp,pt_01550
pt_01551,Shibuyunji - grazery_high_pressure,shibuyunji,Shibuyunji,grazery_high_pressure,severity=4,-15.202503916213818,27.667064288184886,Zambia/CFU_Mulela_Shibuyinji_Older_Men.shp,pt_01551
pt_01552,Shibuyunji - water_conflicts,shibuyunji,Shibuyunji,water_conflicts,severity=5,-15.198904894255417,27.653353142890914,Zambia/CFU_Mulela_Shibuyinji_Older_Men.shp,pt_01552
pt_01553,Shibuyunji - water_conflicts,shibuyunji,Shibuyunji,water_conflicts,severity=5,-15.197418082317439,27.64996940643763,Zambia/CFU_Mulela_Shibuyinji_Older_Men.shp,pt_01553
pt_01554,Shibuyunji - water_conflicts,shibuyunji,Shibuyunji,water_conflicts,severity=5,-15.197964520372352,27.647044545708507,Zambia/CFU_Mulela_Shibuyinji_Older_Men.shp,pt_01554
pt_01555,Shibuyunji - yields,shibuyunji,Shibuyunji,yields,severity=4,-15.196195182792817,27.65754608463644,Zambia/CFU_Mulela_Shibuyinji_Older_Men.shp,pt_01555
pt_01556,Shibuyunji - yields,shibuyunji,Shibuyunji,yields,severity=4,-15.197059035846355,27.65820178032768,Zambia/CFU_Mulela_Shibuyinji_Older_Men.shp,pt_01556
pt_01557,Shibuyunji - water_conflicts,shibuyunji,Shibuyunji,water_conflicts,severity=5,-15.19565317432657,27.65589080063886,Zambia/CFU_Mulela_Shibuyinji_Older_Men.shp,pt_01557
pt_01558,Shibuyunji - river,shibuyunji,Shibuyunji,river,severity=1,-15.191563681481682,27.65883666028269,Zambia/CFU_Mulela_Shibuyinji_Older_Men.shp,pt_01558
pt_01559,Shibuyunji - water_conflicts,shibuyunji,Shibuyunji,water_conflicts,severity=5,-15.203966946071578,27.659064384437052,Zambia/CFU_Mulela_Shibuyinji_Older_Men.shp,pt_01559
pt_01560,Shibuyunji - water_conflicts,shibuyunji,Shibuyunji,water_conflicts,severity=5,-15.211693747360085,27.6402469588853,Zambia/CFU_Mulela_Shibuyinji_Older_Men.shp,pt_01560
pt_01561,Shibuyunji - borehole,shibuyunji,Shibuyunji,borehole,severity=1,-15.208483128203996,27.633006413195123,Zambia/CFU_Mulela_Shibuyinji_Older_Men.shp,pt_01561
pt_01562,Shibuyunji - water_conflicts,shibuyunji,Shibuyunji,water_conflicts,severity=5,-15.20679039253379,27.635564667177768,Zambia/CFU_Mulela_Shibuyinji_Older_Men.shp,pt_01562
pt_01563,Shibuyunji - grazery_pressure,shibuyunji,Shibuyunji,grazery_pressure,severity=5,-15.208020319450961,27.638633922505978,Zambia/CFU_Mulela_Shibuyinji_Older_Men.shp,pt_01563
pt_01564,Shibuyunji - water_conflicts,shibuyunji,Shibuyunji,water_conflicts,severity=5,-15.211366823733163,27.647701457038753,Zambia/CFU_Mulela_Shibuyinji_Older_Men.shp,pt_01564
pt_01565,Shibuyunji - grazery_high_pressure,shibuyunji,Shibuyunji,grazery_high_pressure,severity=5,-15.191275008851678,27.644798311285705,Zambia/CFU_Mulela_Shibuyinji_Older_Men.shp,pt_01565
pt_01566,Shibuyunji - borehole,shibuyunji,Shibuyunji,borehole,severity=2,-15.199590645686653,27.642298557848168,Zambia/CFU_Mulela_Shibuyinji_Older_Men.shp,pt_01566
pt_01567,Shibuyunji - grazery_high_pressure,shibuyunji,Shibuyunji,grazery_high_pressure,severity=5,-15.19890455902052,27.64386390121265,Zambia/CFU_Mulela_Shibuyinji_Older_Men.shp,pt_01567
pt_01568,Shibuyunji - water_conflicts,shibuyunji,Shibuyunji,water_conflicts,severity=5,-15.194435004137267,27.636563406202146,Zambia/CFU_Mulela_Shibuyinji_Older_Men.shp,pt_01568
pt_01569,Shibuyunji - water_conflicts,shibuyunji,Shibuyunji,water_conflicts,severity=5,-15.189752296115008,27.63433862031392,Zambia/CFU_Mulela_Shibuyinji_Older_Men.shp,pt_01569
pt_01570,Shibuyunji - water_conflicts,shibuyunji,Shibuyunji,water_conflicts,severity=5,-15.19057160349305,27.65597366392178,Zambia/CFU_Mulela_Shibuyinji_Older_Men.shp,pt_01570
pt_01571,Shibuyunji - borehole,shibuyunji,Shibuyunji,borehole,severity=4,-15.206125121603977,27.641625793253322,Zambia/CFU_Mulela_Shibuyinji_Older_Men.shp,pt_01571
pt_01572,Shibuyunji - water_conflicts,shibuyunji,Shibuyunji,water_conflicts,severity=5,-15.204839541734422,27.639387685293894,Zambia/CFU_Mulela_Shibuyinji_Older_Men.shp,pt_01572
pt_01573,Shibuyunji - grazery_high_pressure,shibuyunji,Shibuyunji,grazery_high_pressure,severity=5,-15.202579759389659,27.640278130450504,Zambia/CFU_Mulela_Shibuyinji_Older_Men.shp,pt_01573
pt_01574,Shibuyunji - erosion,shibuyunji,Shibuyunji,erosion,severity=5,-15.197127778909497,27.643344793089902,Zambia/CFU_Mulela_Shibuyinji_Older_Women.shp,pt_01574
pt_01575,Shibuyunji - borehole,shibuyunji,Shibuyunji,borehole,severity=0,-15.205323107883101,27.642730428761755,Zambia/CFU_Mulela_Shibuyinji_Older_Women.shp,pt_01575
pt_01576,Shibuyunji - borehole,shibuyunji,Shibuyunji,borehole,severity=0,-15.201256448488946,27.64123548713359,Zambia/CFU_Mulela_Shibuyinji_Older_Women.shp,pt_01576
pt_01577,Shibuyunji - fertility_loss_decline,shibuyunji,Shibuyunji,fertility_loss_decline,severity=0,-15.201993465165804,27.653592277375022,Zambia/CFU_Mulela_Shibuyinji_Older_Women.shp,pt_01577
pt_01578,Shibuyunji - fertility_loss_decline,shibuyunji,Shibuyunji,fertility_loss_decline,severity=0,-15.200205180446115,27.650075714683513,Zambia/CFU_Mulela_Shibuyinji_Older_Women.shp,pt_01578
pt_01579,Shibuyunji - yield_decline,shibuyunji,Shibuyunji,yield_decline,severity=5,-15.208173052025206,27.65668443734328,Zambia/CFU_Mulela_Shibuyinji_Younger_Men.shp,pt_01579
pt_01580,Shibuyunji - yield_decline,shibuyunji,Shibuyunji,yield_decline,severity=5,-15.202872351650571,27.64520264592688,Zambia/CFU_Mulela_Shibuyinji_Younger_Men.shp,pt_01580
pt_01581,Shibuyunji - yields,shibuyunji,Shibuyunji,yields,severity=4,-15.201316827929217,27.654952978525188,Zambia/CFU_Mulela_Shibuyinji_Younger_Men.shp,pt_01581
pt_01582,Shibuyunji - yields,shibuyunji,Shibuyunji,yields,severity=4,-15.20106651376716,27.653683528131893,Zambia/CFU_Mulela_Shibuyinji_Younger_Men.shp,pt_01582
pt_01583,Shibuyunji - fertility loss,shibuyunji,Shibuyunji,fertility loss,severity=5,-15.19978514365188,27.63924874478655,Zambia/CFU_Mulela_Shibuyinji_Younger_Men.shp,pt_01583
pt_01584,Shibuyunji - reforestation,shibuyunji,Shibuyunji,reforestation,severity=5,-15.198253459374522,27.638170009945295,Zambia/CFU_Mulela_Shibuyinji_Younger_Men.shp,pt_01584
pt_01585,Shibuyunji - erosion,shibuyunji,Shibuyunji,erosion,severity=2,-15.197055527313251,27.63618537623184,Zambia/CFU_Mulela_Shibuyinji_Younger_Men.shp,pt_01585
pt_01586,Shibuyunji - yields,shibuyunji,Shibuyunji,yields,severity=4,-15.193992158758558,27.63567282818577,Zambia/CFU_Mulela_Shibuyinji_Younger_Men.shp,pt_01586
pt_01587,Shibuyunji - gulley,shibuyunji,Shibuyunji,gulley,severity=5,-15.193151818357366,27.641501572245147,Zambia/CFU_Mulela_Shibuyinji_Younger_Men.shp,pt_01587
pt_01588,Shibuyunji - gulley,shibuyunji,Shibuyunji,gulley,severity=5,-15.19304454085936,27.64904675627294,Zambia/CFU_Mulela_Shibuyinji_Younger_Men.shp,pt_01588
pt_01589,Shibuyunji - gulley,shibuyunji,Shibuyunji,gulley,severity=5,-15.19797930576852,27.640893666423047,Zambia/CFU_Mulela_Shibuyinji_Younger_Men.shp,pt_01589
pt_01590,Shibuyunji - yields,shibuyunji,Shibuyunji,yields,severity=4,-15.196280745383122,27.641066502392086,Zambia/CFU_Mulela_Shibuyinji_Younger_Men.shp,pt_01590
pt_01591,Shibuyunji - yields,shibuyunji,Shibuyunji,yields,severity=4,-15.197649367863496,27.6453063475085,Zambia/CFU_Mulela_Shibuyinji_Younger_Men.shp,pt_01591
pt_01592,Shibuyunji - yields,shibuyunji,Shibuyunji,yields,severity=4,-15.197908741014277,27.645867051231512,Zambia/CFU_Mulela_Shibuyinji_Younger_Men.shp,pt_01592
pt_01593,Shibuyunji - yields,shibuyunji,Shibuyunji,yields,severity=4,-15.19769211496653,27.66551645965902,Zambia/CFU_Mulela_Shibuyinji_Younger_Men.shp,pt_01593
pt_01594,Shibuyunji - yields,shibuyunji,Shibuyunji,yields,severity=4,-15.199042395974658,27.665013596387027,Zambia/CFU_Mulela_Shibuyinji_Younger_Men.shp,pt_01594
pt_01595,Shibuyunji - gulley,shibuyunji,Shibuyunji,gulley,severity=5,-15.18807163283982,27.655646944740365,Zambia/CFU_Mulela_Shibuyinji_Younger_Men.shp,pt_01595
pt_01596,Shibuyunji - yields,shibuyunji,Shibuyunji,yields,severity=4,-15.203253782754793,27.661842577843014,Zambia/CFU_Mulela_Shibuyinji_Younger_Men.shp,pt_01596
pt_01597,Shibuyunji - erosion,shibuyunji,Shibuyunji,erosion,severity=3,-15.187722384985145,27.6593513559444,Zambia/CFU_Mulela_Shibuyinji_Younger_Men.shp,pt_01597
pt_01598,Shibuyunji - yields,shibuyunji,Shibuyunji,yields,severity=4,-15.18627890665065,27.638555016966208,Zambia/CFU_Mulela_Shibuyinji_Younger_Men.shp,pt_01598
pt_01599,Shibuyunji - yield_decline,shibuyunji,Shibuyunji,yield_decline,severity=5,-15.206250639260782,27.65072648349774,Zambia/CFU_Mulela_Shibuyinji_Younger_Men.shp,pt_01599
pt_01600,Shibuyunji - fertility_loss_decline,shibuyunji,Shibuyunji,fertility_loss_decline,severity=5,-15.20484394816827,27.648027992533176,Zambia/CFU_Mulela_Shibuyinji_Younger_Men.shp,pt_01600
pt_01601,Shibuyunji - fertilty_loss_decline,shibuyunji,Shibuyunji,fertilty_loss_decline,severity=5,-15.201970982272899,27.64358990754023,Zambia/CFU_Mulela_Shibuyinji_Younger_Men.shp,pt_01601
pt_01602,Shibuyunji - borehole,shibuyunji,Shibuyunji,borehole,severity=0,-15.201768804325633,27.652743061658644,Zambia/CFU_Mulela_Shibuyinji_Younger_Women.shp,pt_01602
pt_01603,Shibuyunji - borehole,shibuyunji,Shibuyunji,borehole,severity=0,-15.200167757810375,27.641332441245495,Zambia/CFU_Mulela_Shibuyinji_Younger_Women.shp,pt_01603
pt_01604,Kapiri Mposhi - river,kapiri_mposhi,Kapiri Mposhi,river,severity=0,-14.221208013183912,28.702275061211765,Zambia/CFU_Ngabwe_Older_Men.shp,pt_01604
pt_01605,Kapiri Mposhi - river,kapiri_mposhi,Kapiri Mposhi,river,severity=0,-14.218013266622973,28.704550286622318,Zambia/CFU_Ngabwe_Older_Men.shp,pt_01605
pt_01606,Kapiri Mposhi - water_conflicts,kapiri_mposhi,Kapiri Mposhi,water_conflicts,severity=5,-14.208030182410901,28.705113120180926,Zambia/CFU_Ngabwe_Older_Men.shp,pt_01606
pt_01607,Kapiri Mposhi - water_conflicts,kapiri_mposhi,Kapiri Mposhi,water_conflicts,severity=5,-14.20769512647563,28.70146101048646,Zambia/CFU_Ngabwe_Older_Men.shp,pt_01607
pt_01608,Kapiri Mposhi - gulley,kapiri_mposhi,Kapiri Mposhi,gulley,severity=5,-14.207829818961612,28.706220144991075,Zambia/CFU_Ngabwe_Older_Men.shp,pt_01608
pt_01609,Kapiri Mposhi - gulley,kapiri_mposhi,Kapiri Mposhi,gulley,severity=5,-14.207465278104037,28.70081636286701,Zambia/CFU_Ngabwe_Older_Men.shp,pt_01609
pt_01610,Kapiri Mposhi - gulley,kapiri_mposhi,Kapiri Mposhi,gulley,severity=5,-14.20973896768079,28.710658295909685,Zambia/CFU_Ngabwe_Older_Men.shp,pt_01610
pt_01611,Kapiri Mposhi - water_conflicts,kapiri_mposhi,Kapiri Mposhi,water_conflicts,severity=5,-14.212989010252931,28.712065530837826,Zambia/CFU_Ngabwe_Older_Men.shp,pt_01611
pt_01612,Kapiri Mposhi - gulley,kapiri_mposhi,Kapiri Mposhi,gulley,severity=5,-14.212168123211516,28.72263654559566,Zambia/CFU_Ngabwe_Older_Men.shp,pt_01612
pt_01613,Kapiri Mposhi - water_conflicts,kapiri_mposhi,Kapiri Mposhi,water_conflicts,severity=5,-14.211849820073008,28.720793737951663,Zambia/CFU_Ngabwe_Older_Men.shp,pt_01613
pt_01614,Kapiri Mposhi - gulley,kapiri_mposhi,Kapiri Mposhi,gulley,severity=5,-14.210643618706028,28.716806572321925,Zambia/CFU_Ngabwe_Older_Men.shp,pt_01614
pt_01615,Kapiri Mposhi - gulley,kapiri_mposhi,Kapiri Mposhi,gulley,severity=5,-14.212134617617988,28.727143047925065,Zambia/CFU_Ngabwe_Older_Men.shp,pt_01615
pt_01616,Kapiri Mposhi - yield_decline,kapiri_mposhi,Kapiri Mposhi,yield_decline,severity=2,-14.214788260625355,28.73665930659869,Zambia/CFU_Ngabwe_Older_Men.shp,pt_01616
pt_01617,Kapiri Mposhi - gulley,kapiri_mposhi,Kapiri Mposhi,gulley,severity=5,-14.215517342340506,28.738857273534073,Zambia/CFU_Ngabwe_Older_Men.shp,pt_01617
pt_01618,Kapiri Mposhi - gulley,kapiri_mposhi,Kapiri Mposhi,gulley,severity=5,-14.214123509649776,28.73523330853817,Zambia/CFU_Ngabwe_Older_Men.shp,pt_01618
pt_01619,Kapiri Mposhi - water_conflicts,kapiri_mposhi,Kapiri Mposhi,water_conflicts,severity=3,-14.214595268406638,28.732316981677563,Zambia/CFU_Ngabwe_Older_Men.shp,pt_01619
pt_01620,Kapiri Mposhi - gulley,kapiri_mposhi,Kapiri Mposhi,gulley,severity=5,-14.215350511289222,28.74366063542215,Zambia/CFU_Ngabwe_Older_Men.shp,pt_01620
pt_01621,Kapiri Mposhi - water_conflicts,kapiri_mposhi,Kapiri Mposhi,water_conflicts,severity=3,-14.21515012103545,28.747196145651127,Zambia/CFU_Ngabwe_Older_Men.shp,pt_01621
pt_01622,Kapiri Mposhi - gulley,kapiri_mposhi,Kapiri Mposhi,gulley,severity=5,-14.21395196101092,28.748528328049773,Zambia/CFU_Ngabwe_Older_Men.shp,pt_01622
pt_01623,Kapiri Mposhi - riparian_agriculture,kapiri_mposhi,Kapiri Mposhi,riparian_agriculture,severity=2,-14.21269751158927,28.74857121520951,Zambia/CFU_Ngabwe_Older_Men.shp,pt_01623
pt_01624,Kapiri Mposhi - river,kapiri_mposhi,Kapiri Mposhi,river,severity=5,-14.213115661396492,28.746030150996408,Zambia/CFU_Ngabwe_Older_Men.shp,pt_01624
pt_01625,Kapiri Mposhi - water_conflicts,kapiri_mposhi,Kapiri Mposhi,water_conflicts,severity=3,-14.197794223588373,28.74163421712564,Zambia/CFU_Ngabwe_Older_Men.shp,pt_01625
pt_01626,Kapiri Mposhi - water_conflicts,kapiri_mposhi,Kapiri Mposhi,water_conflicts,severity=3,-14.199874250834542,28.74334970351423,Zambia/CFU_Ngabwe_Older_Men.shp,pt_01626
pt_01627,Kapiri Mposhi - gulley,kapiri_mposhi,Kapiri Mposhi,gulley,severity=5,-14.20259758547646,28.696452594366132,Zambia/CFU_Ngabwe_Older_Men.shp,pt_01627
pt_01628,Kapiri Mposhi - yields,kapiri_mposhi,Kapiri Mposhi,yields,severity=5,-14.201295558111992,28.69903185495585,Zambia/CFU_Ngabwe_Older_Men.shp,pt_01628
pt_01629,Kapiri Mposhi - yields,kapiri_mposhi,Kapiri Mposhi,yields,severity=5,-14.203037848975407,28.700254809119595,Zambia/CFU_Ngabwe_Older_Men.shp,pt_01629
pt_01630,Kapiri Mposhi - erosion,kapiri_mposhi,Kapiri Mposhi,erosion,severity=2,-14.209148599122903,28.697492607989233,Zambia/CFU_Ngabwe_Older_Men.shp,pt_01630
pt_01631,Kapiri Mposhi - erosion,kapiri_mposhi,Kapiri Mposhi,erosion,severity=2,-14.209963455157485,28.69947613912604,Zambia/CFU_Ngabwe_Older_Men.shp,pt_01631
pt_01632,Kapiri Mposhi - erosion,kapiri_mposhi,Kapiri Mposhi,erosion,severity=2,-14.21066037150285,28.697492607989233,Zambia/CFU_Ngabwe_Older_Men.shp,pt_01632
pt_01633,Kapiri Mposhi - water_conflicts,kapiri_mposhi,Kapiri Mposhi,water_conflicts,severity=4,-14.202954084991617,28.718883919120774,Zambia/CFU_Ngabwe_Older_Men.shp,pt_01633
pt_01634,Kapiri Mposhi - water_conflicts,kapiri_mposhi,Kapiri Mposhi,water_conflicts,severity=4,-14.201061018957331,28.71570088773569,Zambia/CFU_Ngabwe_Older_Men.shp,pt_01634
pt_01635,Kapiri Mposhi - river,kapiri_mposhi,Kapiri Mposhi,river,severity=4,-14.200994007770277,28.718130043266417,Zambia/CFU_Ngabwe_Older_Men.shp,pt_01635
pt_01636,Kapiri Mposhi - water_conflicts,kapiri_mposhi,Kapiri Mposhi,water_conflicts,severity=4,-14.20716506798614,28.728725182051633,Zambia/CFU_Ngabwe_Older_Men.shp,pt_01636
pt_01637,Kapiri Mposhi - water_conflicts,kapiri_mposhi,Kapiri Mposhi,water_conflicts,severity=4,-14.20975974114889,28.732574304636042,Zambia/CFU_Ngabwe_Older_Men.shp,pt_01637
pt_01638,Kapiri Mposhi - river,kapiri_mposhi,Kapiri Mposhi,river,severity=0,-14.209470252820816,28.733710814368486,Zambia/CFU_Ngabwe_Older_Men.shp,pt_01638
pt_01639,Kapiri Mposhi - riparian_agriculture,kapiri_mposhi,Kapiri Mposhi,riparian_agriculture,severity=2,-14.212001881858777,28.73404018775509,Zambia/CFU_Ngabwe_Older_Men.shp,pt_01639
pt_01640,Kapiri Mposhi - riparian_agricultue,kapiri_mposhi,Kapiri Mposhi,riparian_agricultue,severity=3,-14.21742281884676,28.702893816883876,Zambia/CFU_Ngabwe_Older_Men.shp,pt_01640
pt_01641,Kapiri Mposhi - fertility_loss_reforestation,kapiri_mposhi,Kapiri Mposhi,fertility_loss_reforestation,severity=0,-14.197371842568685,28.693880112051403,Zambia/CFU_Ngabwe_unlabeled_IWMI7272.shp,pt_01641
pt_01642,Kapiri Mposhi - sedimentation,kapiri_mposhi,Kapiri Mposhi,sedimentation,severity=5,-14.205765132881044,28.700986171465374,Zambia/CFU_Ngabwe_unlabeled_IWMI7272.shp,pt_01642
pt_01643,Kapiri Mposhi - sedimentation,kapiri_mposhi,Kapiri Mposhi,sedimentation,severity=5,-14.20782977675628,28.695625349327273,Zambia/CFU_Ngabwe_unlabeled_IWMI7272.shp,pt_01643
pt_01644,Kapiri Mposhi - sedimentation,kapiri_mposhi,Kapiri Mposhi,sedimentation,severity=5,-14.208844184681606,28.701247759211235,Zambia/CFU_Ngabwe_unlabeled_IWMI7272.shp,pt_01644
pt_01645,Kapiri Mposhi - fertility_loss_decline,kapiri_mposhi,Kapiri Mposhi,fertility_loss_decline,severity=0,-14.204224959486355,28.693720420742427,Zambia/CFU_Ngabwe_unlabeled_IWMI7272.shp,pt_01645
pt_01646,Kapiri Mposhi - sedimentation,kapiri_mposhi,Kapiri Mposhi,sedimentation,severity=5,-14.214134927779222,28.692234433211,Zambia/CFU_Ngabwe_unlabeled_IWMI7272.shp,pt_01646
pt_01647,Kapiri Mposhi - fertility_loss_decline,kapiri_mposhi,Kapiri Mposhi,fertility_loss_decline,severity=5,-14.211880720346555,28.71699722164343,Zambia/CFU_Ngabwe_unlabeled_IWMI7272.shp,pt_01647
pt_01648,Kapiri Mposhi - fertility_loss_decline,kapiri_mposhi,Kapiri Mposhi,fertility_loss_decline,severity=5,-14.21441432988189,28.747545742698087,Zambia/CFU_Ngabwe_unlabeled_IWMI7272.shp,pt_01648
pt_01649,Kapiri Mposhi - fertility_loss_decline,kapiri_mposhi,Kapiri Mposhi,fertility_loss_decline,severity=5,-14.207218561563828,28.74116295688699,Zambia/CFU_Ngabwe_unlabeled_IWMI7272.shp,pt_01649
pt_01650,Kapiri Mposhi - run_off,kapiri_mposhi,Kapiri Mposhi,run_off,severity=5,-14.213706511221936,28.734010263059783,Zambia/CFU_Ngabwe_unlabeled_IWMI7272.shp,pt_01650
pt_01651,Kapiri Mposhi - river,kapiri_mposhi,Kapiri Mposhi,river,severity=0,-14.209725176781442,28.734126971646432,Zambia/CFU_Ngabwe_unlabeled_IWMI7272.shp,pt_01651
pt_01652,Kapiri Mposhi - stream_permanent,kapiri_mposhi,Kapiri Mposhi,stream_permanent,severity=2,-14.21660957667995,28.70908992385638,Zambia/CFU_Ngabwe_unlabeled_IWMI7272.shp,pt_01652
pt_01653,Kapiri Mposhi - fertility_loss_decline,kapiri_mposhi,Kapiri Mposhi,fertility_loss_decline,severity=5,-14.2107971930581,28.693901761813873,Zambia/CFU_Ngabwe_unlabeled_IWMI7272.shp,pt_01653
pt_01654,Kapiri Mposhi - fertility_loss_decline,kapiri_mposhi,Kapiri Mposhi,fertility_loss_decline,severity=5,-14.211529421316259,28.72278853963999,Zambia/CFU_Ngabwe_unlabeled_IWMI7272.shp,pt_01654
pt_01655,Kapiri Mposhi - river,kapiri_mposhi,Kapiri Mposhi,river,severity=0,-14.215618693248528,28.710132107886583,Zambia/CFU_Ngabwe_Younger_Men.shp,pt_01655
pt_01656,Kapiri Mposhi - flood,kapiri_mposhi,Kapiri Mposhi,flood,severity=5,-14.213949054502843,28.7169516063998,Zambia/CFU_Ngabwe_Younger_Men.shp,pt_01656
pt_01657,Kapiri Mposhi - borehole,kapiri_mposhi,Kapiri Mposhi,borehole,severity=1,-14.219104985684002,28.730185987075668,Zambia/CFU_Ngabwe_Younger_Men.shp,pt_01657
pt_01658,Kapiri Mposhi - yield_decline,kapiri_mposhi,Kapiri Mposhi,yield_decline,severity=1,-14.215205403449946,28.735445565960816,Zambia/CFU_Ngabwe_Younger_Men.shp,pt_01658
pt_01659,Kapiri Mposhi - gulley,kapiri_mposhi,Kapiri Mposhi,gulley,severity=2,-14.213905687262722,28.732748123623637,Zambia/CFU_Ngabwe_Younger_Men.shp,pt_01659
pt_01660,Kapiri Mposhi - borehole,kapiri_mposhi,Kapiri Mposhi,borehole,severity=1,-14.205940041977545,28.69781963518051,Zambia/CFU_Ngabwe_Younger_Men.shp,pt_01660
pt_01661,Kapiri Mposhi - borehole,kapiri_mposhi,Kapiri Mposhi,borehole,severity=1,-14.207476047483139,28.702589336487353,Zambia/CFU_Ngabwe_Younger_Men.shp,pt_01661
pt_01662,Kapiri Mposhi - water_conflict,kapiri_mposhi,Kapiri Mposhi,water_conflict,severity=1,-14.206128674232621,28.693058916362013,Zambia/CFU_Ngabwe_Younger_Men.shp,pt_01662
pt_01663,Kapiri Mposhi - grazery_pressure,kapiri_mposhi,Kapiri Mposhi,grazery_pressure,severity=1,-14.205392110189004,28.691990000249934,Zambia/CFU_Ngabwe_Younger_Men.shp,pt_01663
pt_01664,Kapiri Mposhi - yields,kapiri_mposhi,Kapiri Mposhi,yields,severity=1,-14.204817230935449,28.696678859161743,Zambia/CFU_Ngabwe_Younger_Men.shp,pt_01664
pt_01665,Kapiri Mposhi - gulley,kapiri_mposhi,Kapiri Mposhi,gulley,severity=1,-14.202885995943038,28.692608107728613,Zambia/CFU_Ngabwe_Younger_Men.shp,pt_01665
pt_01666,Kapiri Mposhi - yields,kapiri_mposhi,Kapiri Mposhi,yields,severity=1,-14.208219348393014,28.705885348301447,Zambia/CFU_Ngabwe_Younger_Men.shp,pt_01666
pt_01667,Kapiri Mposhi - river_bank_collapse,kapiri_mposhi,Kapiri Mposhi,river_bank_collapse,severity=4,-14.199167245771605,28.713521024793252,Zambia/CFU_Ngabwe_Younger_Men.shp,pt_01667
pt_01668,Kapiri Mposhi - river,kapiri_mposhi,Kapiri Mposhi,river,severity=0,-14.202243888378336,28.721945054987987,Zambia/CFU_Ngabwe_Younger_Men.shp,pt_01668
pt_01669,Kapiri Mposhi - yields,kapiri_mposhi,Kapiri Mposhi,yields,severity=1,-14.206296534483416,28.719611713291126,Zambia/CFU_Ngabwe_Younger_Men.shp,pt_01669
pt_01670,Kapiri Mposhi - yields,kapiri_mposhi,Kapiri Mposhi,yields,severity=1,-14.202841083501358,28.70857167371968,Zambia/CFU_Ngabwe_Younger_Men.shp,pt_01670
pt_01671,Kapiri Mposhi - grazery_pressure,kapiri_mposhi,Kapiri Mposhi,grazery_pressure,severity=1,-14.208041944248365,28.72985118858956,Zambia/CFU_Ngabwe_Younger_Men.shp,pt_01671
pt_01672,Kapiri Mposhi - yield_decline,kapiri_mposhi,Kapiri Mposhi,yield_decline,severity=1,-14.203047321433568,28.73665596245399,Zambia/CFU_Ngabwe_Younger_Men.shp,pt_01672
pt_01673,Kapiri Mposhi - gulley,kapiri_mposhi,Kapiri Mposhi,gulley,severity=2,-14.209471916469418,28.744800723967437,Zambia/CFU_Ngabwe_Younger_Men.shp,pt_01673
pt_01674,Kapiri Mposhi - water_conflict,kapiri_mposhi,Kapiri Mposhi,water_conflict,severity=1,-14.209533236923132,28.748142688694774,Zambia/CFU_Ngabwe_Younger_Men.shp,pt_01674
pt_01675,Kapiri Mposhi - yields,kapiri_mposhi,Kapiri Mposhi,yields,severity=1,-14.215199655649197,28.73210248441263,Zambia/CFU_Ngabwe_Younger_Men.shp,pt_01675
pt_01676,Kapiri Mposhi - gulley,kapiri_mposhi,Kapiri Mposhi,gulley,severity=2,-14.21668806203976,28.748313613781672,Zambia/CFU_Ngabwe_Younger_Men.shp,pt_01676
pt_01677,Kapiri Mposhi - borehole,kapiri_mposhi,Kapiri Mposhi,borehole,severity=1,-14.216234563217636,28.745301916475775,Zambia/CFU_Ngabwe_Younger_Men.shp,pt_01677
pt_01678,Kapiri Mposhi - borehole,kapiri_mposhi,Kapiri Mposhi,borehole,severity=2,-14.215629898121472,28.74452282875572,Zambia/CFU_Ngabwe_Younger_Men.shp,pt_01678
pt_01679,Kapiri Mposhi - river,kapiri_mposhi,Kapiri Mposhi,river,severity=0,-14.194183960853215,28.740896655081084,Zambia/CFU_Ngabwe_Younger_Men.shp,pt_01679
pt_01680,Kapiri Mposhi - grazery_pressure,kapiri_mposhi,Kapiri Mposhi,grazery_pressure,severity=1,-14.196962543912065,28.74110105659346,Zambia/CFU_Ngabwe_Younger_Men.shp,pt_01680
pt_01681,Kapiri Mposhi - grazery_pressure,kapiri_mposhi,Kapiri Mposhi,grazery_pressure,severity=1,-14.218871831019813,28.70471119984346,Zambia/CFU_Ngabwe_Younger_Men.shp,pt_01681
pt_01682,Chipata - stream permanent,chipata,Chipata,stream permanent,severity=0,-13.546987444950817,32.546565742920414,Zambia/TLC_Eastern_Kasenangwa.shp,pt_01682
pt_01683,Kasenengwa - shallow well,kasenengwa,Kasenengwa,shallow well,severity=0,-13.547035227409639,32.53988664215779,Zambia/TLC_Eastern_Kasenangwa.shp,pt_01683
pt_01684,Kasenengwa - seasonal wetland,kasenengwa,Kasenengwa,seasonal wetland,severity=0,-13.546855730242592,32.537935420774005,Zambia/TLC_Eastern_Kasenangwa.shp,pt_01684
pt_01685,Kasenengwa - seasonal stream,kasenengwa,Kasenengwa,seasonal stream,severity=0,-13.547492799889042,32.53657745652765,Zambia/TLC_Eastern_Kasenangwa.shp,pt_01685
pt_01686,Kasenengwa - seasonal wetland,kasenengwa,Kasenengwa,seasonal wetland,severity=0,-13.54241859603841,32.540517229341205,Zambia/TLC_Eastern_Kasenangwa.shp,pt_01686
pt_01687,Kasenengwa - seasonal wetland,kasenengwa,Kasenengwa,seasonal wetland,severity=0,-13.54511496537534,32.53815615981819,Zambia/TLC_Eastern_Kasenangwa.shp,pt_01687
pt_01688,Kasenengwa - stream permaent,kasenengwa,Kasenengwa,stream permaent,severity=0,-13.53563995146703,32.54235020165732,Zambia/TLC_Eastern_Kasenangwa.shp,pt_01688
pt_01689,Kasenengwa - dam,kasenengwa,Kasenengwa,dam,severity=1,-13.536204372820459,32.54165166037832,Zambia/TLC_Eastern_Kasenangwa.shp,pt_01689
pt_01690,Kasenengwa - borehole,kasenengwa,Kasenengwa,borehole,severity=2,-13.539039751871917,32.53677793787478,Zambia/TLC_Eastern_Kasenangwa.shp,pt_01690
pt_01691,Kasenengwa - pollinators,kasenengwa,Kasenengwa,pollinators,severity=0,-13.541591746697309,32.53535517693938,Zambia/TLC_Eastern_Kasenangwa.shp,pt_01691
pt_01692,Kasenengwa - stream seasonal,kasenengwa,Kasenengwa,stream seasonal,severity=0,-13.547682803116961,32.53226885391887,Zambia/TLC_Eastern_Kasenangwa.shp,pt_01692
pt_01693,Kasenengwa - pollinators,kasenengwa,Kasenengwa,pollinators,severity=0,-13.548822058454773,32.52701613047698,Zambia/TLC_Eastern_Kasenangwa.shp,pt_01693
pt_01694,Kasenengwa - seasonal wetland,kasenengwa,Kasenengwa,seasonal wetland,severity=0,-13.55151362532041,32.517128735726146,Zambia/TLC_Eastern_Kasenangwa.shp,pt_01694
pt_01695,Kasenengwa - sacred forest,kasenengwa,Kasenengwa,sacred forest,severity=0,-13.545757208593193,32.51947157768771,Zambia/TLC_Eastern_Kasenangwa.shp,pt_01695
pt_01696,Kasenengwa - stream permanent,kasenengwa,Kasenengwa,stream permanent,severity=0,-13.543556263836447,32.51724676953844,Zambia/TLC_Eastern_Kasenangwa.shp,pt_01696
pt_01697,Kasenengwa - permanent wetland,kasenengwa,Kasenengwa,permanent wetland,severity=0,-13.53613127746109,32.51773539525128,Zambia/TLC_Eastern_Kasenangwa.shp,pt_01697
pt_01698,Kasenengwa - permanent wetland,kasenengwa,Kasenengwa,permanent wetland,severity=0,-13.538239642691012,32.516898486915736,Zambia/TLC_Eastern_Kasenangwa.shp,pt_01698
pt_01699,Kasenengwa - pollinators,kasenengwa,Kasenengwa,pollinators,severity=0,-13.530868411581825,32.516705354222935,Zambia/TLC_Eastern_Kasenangwa.shp,pt_01699
pt_01700,Kasenengwa - pollinators,kasenengwa,Kasenengwa,pollinators,severity=0,-13.534055714746097,32.5209556268244,Zambia/TLC_Eastern_Kasenangwa.shp,pt_01700
pt_01701,Kasenengwa - sacred forest,kasenengwa,Kasenengwa,sacred forest,severity=0,-13.534002976645445,32.520557161175034,Zambia/TLC_Eastern_Kasenangwa.shp,pt_01701
pt_01702,Kasenengwa - seasonal wetland,kasenengwa,Kasenengwa,seasonal wetland,severity=0,-13.542271138869895,32.527389675103976,Zambia/TLC_Eastern_Kasenangwa.shp,pt_01702
pt_01703,Kasenengwa - seasonal wetland,kasenengwa,Kasenengwa,seasonal wetland,severity=0,-13.54126270581333,32.525004695217106,Zambia/TLC_Eastern_Kasenangwa.shp,pt_01703
pt_01704,Kasenengwa - borehole,kasenengwa,Kasenengwa,borehole,severity=2,-13.541614842506226,32.532522850234095,Zambia/TLC_Eastern_Kasenangwa.shp,pt_01704
pt_01705,Kasenengwa - pollinators,kasenengwa,Kasenengwa,pollinators,severity=0,-13.540108876743167,32.53247011213345,Zambia/TLC_Eastern_Kasenangwa.shp,pt_01705
pt_01706,Kasenengwa - sacred forest,kasenengwa,Kasenengwa,sacred forest,severity=0,-13.540015120119786,32.531919291971086,Zambia/TLC_Eastern_Kasenangwa.shp,pt_01706
pt_01707,Kasenengwa - borehole,kasenengwa,Kasenengwa,borehole,severity=2,-13.539491035244579,32.527944890108124,Zambia/TLC_Eastern_Kasenangwa.shp,pt_01707
pt_01708,Kasenengwa - sacred forest,kasenengwa,Kasenengwa,sacred forest,severity=0,-13.537971152482735,32.527816707224595,Zambia/TLC_Eastern_Kasenangwa.shp,pt_01708
pt_01709,Kasenengwa - land tenure,kasenengwa,Kasenengwa,land tenure,severity=0,-13.538895900428194,32.52898866501686,Zambia/TLC_Eastern_Kasenangwa.shp,pt_01709
pt_01710,Kasenengwa - pollinators,kasenengwa,Kasenengwa,pollinators,severity=0,-13.53751335647013,32.527734303942324,Zambia/TLC_Eastern_Kasenangwa.shp,pt_01710
pt_01711,Kasenengwa - land tenure,kasenengwa,Kasenengwa,land tenure,severity=0,-13.535649577343621,32.522936235493425,Zambia/TLC_Eastern_Kasenangwa.shp,pt_01711
pt_01712,Kasenengwa - borehole,kasenengwa,Kasenengwa,borehole,severity=2,-13.53635275201898,32.52201624862649,Zambia/TLC_Eastern_Kasenangwa.shp,pt_01712
pt_01713,Kasenengwa - dam,kasenengwa,Kasenengwa,dam,severity=1,-13.535139775703989,32.52796979421122,Zambia/TLC_Eastern_Kasenangwa.shp,pt_01713
pt_01714,Kasenengwa - stream permanent,kasenengwa,Kasenengwa,stream permanent,severity=0,-13.536660039352125,32.530116820886676,Zambia/TLC_Eastern_Kasenangwa.shp,pt_01714
pt_01715,Kasenengwa - land tenure,kasenengwa,Kasenengwa,land tenure,severity=0,-13.540600301042925,32.53254677588276,Zambia/TLC_Eastern_Kasenangwa.shp,pt_01715
pt_01716,Kasenengwa - land tenure,kasenengwa,Kasenengwa,land tenure,severity=0,-13.548407757080117,32.51791629620712,Zambia/TLC_Eastern_Kasenangwa.shp,pt_01716
pt_01717,Kasenengwa - borehole,kasenengwa,Kasenengwa,borehole,severity=2,-13.547413445599934,32.517799772815806,Zambia/TLC_Eastern_Kasenangwa.shp,pt_01717
pt_01718,Petauke - erosion,petauke,Petauke,erosion,severity=2,-14.238472554057752,31.37339602942775,Zambia/TLC_Petauke_Chandema_Older_Men.shp,pt_01718
pt_01719,Petauke - ridges,petauke,Petauke,ridges,severity=0,-14.237205418777695,31.37405066988386,Zambia/TLC_Petauke_Chandema_Older_Men.shp,pt_01719
pt_01720,Petauke - gulley,petauke,Petauke,gulley,severity=5,-14.238478737586796,31.37525076269115,Zambia/TLC_Petauke_Chandema_Older_Men.shp,pt_01720
pt_01721,Petauke - borehole,petauke,Petauke,borehole,severity=2,-14.24203947396772,31.37573405430305,Zambia/TLC_Petauke_Chandema_Older_Men.shp,pt_01721
pt_01722,Petauke - borehole,petauke,Petauke,borehole,severity=1,-14.242448237782233,31.382219599920397,Zambia/TLC_Petauke_Chandema_Older_Men.shp,pt_01722
pt_01723,Petauke - borehole,petauke,Petauke,borehole,severity=0,-14.242083084119923,31.381198341281948,Zambia/TLC_Petauke_Chandema_Older_Men.shp,pt_01723
pt_01724,Petauke - borehole,petauke,Petauke,borehole,severity=1,-14.240524183903812,31.38260232782319,Zambia/TLC_Petauke_Chandema_Older_Men.shp,pt_01724
pt_01725,Petauke - gulley,petauke,Petauke,gulley,severity=5,-14.230973072402206,31.383146966552165,Zambia/TLC_Petauke_Chandema_Older_Men.shp,pt_01725
pt_01726,Petauke - gulley,petauke,Petauke,gulley,severity=5,-14.23098120862463,31.384676576367568,Zambia/TLC_Petauke_Chandema_Older_Men.shp,pt_01726
pt_01727,Petauke - gulley,petauke,Petauke,gulley,severity=5,-14.230684236506212,31.38608821095785,Zambia/TLC_Petauke_Chandema_Older_Men.shp,pt_01727
pt_01728,Petauke - gulley,petauke,Petauke,gulley,severity=5,-14.230236744272984,31.387385938434218,Zambia/TLC_Petauke_Chandema_Older_Men.shp,pt_01728
pt_01729,Petauke - gulley,petauke,Petauke,gulley,severity=5,-14.23035878760932,31.388321604012788,Zambia/TLC_Petauke_Chandema_Older_Men.shp,pt_01729
pt_01730,Petauke - gulley,petauke,Petauke,gulley,severity=5,-14.228430502895216,31.391425572866922,Zambia/TLC_Petauke_Chandema_Older_Men.shp,pt_01730
pt_01731,Petauke - gulley,petauke,Petauke,gulley,severity=4,-14.228193535417166,31.38997834230354,Zambia/TLC_Petauke_Chandema_Older_Men.shp,pt_01731
pt_01732,Petauke - gulley,petauke,Petauke,gulley,severity=4,-14.22737991317493,31.38852272126079,Zambia/TLC_Petauke_Chandema_Older_Men.shp,pt_01732
pt_01733,Petauke - gulley,petauke,Petauke,gulley,severity=5,-14.226769696493253,31.38716244657455,Zambia/TLC_Petauke_Chandema_Older_Men.shp,pt_01733
pt_01734,Petauke - gulley,petauke,Petauke,gulley,severity=5,-14.22632728939904,31.385563424611618,Zambia/TLC_Petauke_Chandema_Older_Men.shp,pt_01734
pt_01735,Petauke - river_bank_collapse,petauke,Petauke,river_bank_collapse,severity=0,-14.22810912210956,31.373928626547677,Zambia/TLC_Petauke_Chandema_Older_Men.shp,pt_01735
pt_01736,Petauke - gulley,petauke,Petauke,gulley,severity=5,-14.22857890759224,31.375827783585528,Zambia/TLC_Petauke_Chandema_Older_Men.shp,pt_01736
pt_01737,Petauke - gulley,petauke,Petauke,gulley,severity=3,-14.229435326364424,31.37766722075079,Zambia/TLC_Petauke_Chandema_Older_Men.shp,pt_01737
pt_01738,Petauke - gulley,petauke,Petauke,gulley,severity=4,-14.229927567820985,31.378708657220873,Zambia/TLC_Petauke_Chandema_Older_Men.shp,pt_01738
pt_01739,Petauke - erosion,petauke,Petauke,erosion,severity=2,-14.232248933780866,31.376242110542144,Zambia/TLC_Petauke_Chandema_Older_Men.shp,pt_01739
pt_01740,Petauke - gulley,petauke,Petauke,gulley,severity=5,-14.232986278937892,31.374551301819995,Zambia/TLC_Petauke_Chandema_Older_Men.shp,pt_01740
pt_01741,Petauke - gulley,petauke,Petauke,gulley,severity=5,-14.23477243401657,31.37462122248147,Zambia/TLC_Petauke_Chandema_Older_Men.shp,pt_01741
pt_01742,Petauke - gulley,petauke,Petauke,gulley,severity=4,-14.23509661162871,31.375066172145193,Zambia/TLC_Petauke_Chandema_Older_Men.shp,pt_01742
pt_01743,Petauke - gulley,petauke,Petauke,gulley,severity=3,-14.235541561292434,31.37640737756013,Zambia/TLC_Petauke_Chandema_Older_Men.shp,pt_01743
pt_01744,Petauke - borehole,petauke,Petauke,borehole,severity=0,-14.23127411263191,31.380262675703605,Zambia/TLC_Petauke_Chandema_Older_Men.shp,pt_01744
pt_01745,Petauke - gulley,petauke,Petauke,gulley,severity=3,-14.233895247536676,31.377354484701517,Zambia/TLC_Petauke_Chandema_Older_Men.shp,pt_01745
pt_01746,Petauke - water_conflicts,petauke,Petauke,water_conflicts,severity=3,-14.233487165130802,31.378301846099824,Zambia/TLC_Petauke_Chandema_Older_Men.shp,pt_01746
pt_01747,Petauke - gulley,petauke,Petauke,gulley,severity=1,-14.233576663577454,31.37873306588823,Zambia/TLC_Petauke_Chandema_Older_Men.shp,pt_01747
pt_01748,Petauke - gulley,petauke,Petauke,gulley,severity=2,-14.236540689405931,31.37740555983782,Zambia/TLC_Petauke_Chandema_Older_Men.shp,pt_01748
pt_01749,Petauke - gulley,petauke,Petauke,gulley,severity=3,-14.23620222255316,31.376379744914804,Zambia/TLC_Petauke_Chandema_Older_Men.shp,pt_01749
pt_01750,Petauke - water_conflicts,petauke,Petauke,water_conflicts,severity=5,-14.238394446322765,31.37710614685294,Zambia/TLC_Petauke_Chandema_Older_Men.shp,pt_01750
pt_01751,Petauke - permanent_wetland,petauke,Petauke,permanent_wetland,severity=0,-14.24268727999665,31.37164698569288,Zambia/TLC_Petauke_Chandema_Older_Women.shp,pt_01751
pt_01752,Petauke - gulley,petauke,Petauke,gulley,severity=5,-14.242976225223146,31.367341845982004,Zambia/TLC_Petauke_Chandema_Older_Women.shp,pt_01752
pt_01753,Petauke - stream_permanent,petauke,Petauke,stream_permanent,severity=0,-14.243027712255662,31.368036920920975,Zambia/TLC_Petauke_Chandema_Older_Women.shp,pt_01753
pt_01754,Petauke - water_conflicts,petauke,Petauke,water_conflicts,severity=3,-14.242977254963796,31.3682727315299,Zambia/TLC_Petauke_Chandema_Older_Women.shp,pt_01754
pt_01755,Petauke - women_barriers,petauke,Petauke,women_barriers,severity=4,-14.242973564373326,31.374633464240812,Zambia/TLC_Petauke_Chandema_Older_Women.shp,pt_01755
pt_01756,Petauke - borehole,petauke,Petauke,borehole,severity=2,-14.241956781979344,31.37568274524974,Zambia/TLC_Petauke_Chandema_Older_Women.shp,pt_01756
pt_01757,Petauke - permanent_wetland,petauke,Petauke,permanent_wetland,severity=0,-14.242904761222054,31.381114009335874,Zambia/TLC_Petauke_Chandema_Older_Women.shp,pt_01757
pt_01758,Petauke - stream_permanent,petauke,Petauke,stream_permanent,severity=0,-14.24295748394335,31.38058019178274,Zambia/TLC_Petauke_Chandema_Older_Women.shp,pt_01758
pt_01759,Petauke - borehole,petauke,Petauke,borehole,severity=1,-14.240423498151024,31.382781365396898,Zambia/TLC_Petauke_Chandema_Older_Women.shp,pt_01759
pt_01760,Petauke - borehole,petauke,Petauke,borehole,severity=2,-14.239649133181985,31.3813051292006,Zambia/TLC_Petauke_Chandema_Older_Women.shp,pt_01760
pt_01761,Petauke - borehole,petauke,Petauke,borehole,severity=1,-14.231791668545744,31.380338031106543,Zambia/TLC_Petauke_Chandema_Older_Women.shp,pt_01761
pt_01762,Petauke - borehole,petauke,Petauke,borehole,severity=1,-14.230587873121612,31.38096874725489,Zambia/TLC_Petauke_Chandema_Older_Women.shp,pt_01762
pt_01763,Petauke - sedimentation,petauke,Petauke,sedimentation,severity=4,-14.227665554967707,31.377702896178494,Zambia/TLC_Petauke_Chandema_Older_Women.shp,pt_01763
pt_01764,Petauke - permanent_wetland,petauke,Petauke,permanent_wetland,severity=0,-14.230786956314045,31.37472623060141,Zambia/TLC_Petauke_Chandema_Older_Women.shp,pt_01764
pt_01765,Petauke - permanent_wetland,petauke,Petauke,permanent_wetland,severity=0,-14.235259892263928,31.3732978945077,Zambia/TLC_Petauke_Chandema_Older_Women.shp,pt_01765
pt_01766,Petauke - gulley,petauke,Petauke,gulley,severity=5,-14.23518681822041,31.378201006402062,Zambia/TLC_Petauke_Chandema_Older_Women.shp,pt_01766
pt_01767,Petauke - borehole,petauke,Petauke,borehole,severity=1,-14.236292984934638,31.377502668829965,Zambia/TLC_Petauke_Chandema_Older_Women.shp,pt_01767
pt_01768,Petauke - permanent_wetland,petauke,Petauke,permanent_wetland,severity=0,-14.239052815019626,31.372558438819446,Zambia/TLC_Petauke_Chandema_Older_Women.shp,pt_01768
pt_01769,Petauke - gulley,petauke,Petauke,gulley,severity=5,-14.241233024919788,31.375626235773797,Zambia/TLC_Petauke_Chandema_Older_Women.shp,pt_01769
pt_01770,Petauke - sedimentation,petauke,Petauke,sedimentation,severity=4,-14.23621454765859,31.375235809203996,Zambia/TLC_Petauke_Chandema_Older_Women.shp,pt_01770
pt_01771,Petauke - sedimentation,petauke,Petauke,sedimentation,severity=4,-14.230322174608318,31.377040731623953,Zambia/TLC_Petauke_Chandema_Older_Women.shp,pt_01771
pt_01772,Petauke - sedimentation,petauke,Petauke,sedimentation,severity=4,-14.233153580011313,31.376312539717183,Zambia/TLC_Petauke_Chandema_Older_Women.shp,pt_01772
pt_01773,Petauke - gulley,petauke,Petauke,gulley,severity=5,-14.22748539929856,31.38165722422646,Zambia/TLC_Petauke_Chandema_Older_Women.shp,pt_01773
pt_01774,Petauke - fertilty_loss_reforestation,petauke,Petauke,fertilty_loss_reforestation,severity=0,-14.23445521287447,31.377941899619543,Zambia/TLC_Petauke_Chandema_Older_Women.shp,pt_01774
pt_01775,Petauke - irrigation,petauke,Petauke,irrigation,severity=2,-14.238961703520246,31.37289646869048,Zambia/TLC_Petauke_Chandema_Older_Women.shp,pt_01775
pt_01776,Petauke - sedimentation,petauke,Petauke,sedimentation,severity=4,-14.23857546249271,31.374186237836007,Zambia/TLC_Petauke_Chandema_Older_Women.shp,pt_01776
pt_01777,Petauke - stream_permanent,petauke,Petauke,stream_permanent,severity=0,-14.238781924875118,31.37103337439914,Zambia/TLC_Petauke_Chandema_Older_Women.shp,pt_01777
pt_01778,Petauke - dam,petauke,Petauke,dam,severity=0,-14.242957389021047,31.380808141614917,Zambia/TLC_Petauke_Chandema_Older_Women.shp,pt_01778
pt_01779,Petauke - gulley,petauke,Petauke,gulley,severity=4,-14.228693186042245,31.376003430410133,Zambia/TLC_Petauke_Chandema_Younger_Men.shp,pt_01779
pt_01780,Petauke - erosion,petauke,Petauke,erosion,severity=5,-14.228513832927128,31.377785513490128,Zambia/TLC_Petauke_Chandema_Younger_Men.shp,pt_01780
pt_01781,Petauke - pollinators,petauke,Petauke,pollinators,severity=0,-14.227972911563983,31.37574656431309,Zambia/TLC_Petauke_Chandema_Younger_Men.shp,pt_01781
pt_01782,Petauke - fertility_loss_decline,petauke,Petauke,fertility_loss_decline,severity=0,-14.227001018021292,31.377767864380402,Zambia/TLC_Petauke_Chandema_Younger_Men.shp,pt_01782
pt_01783,Petauke - fertility_loss_decline,petauke,Petauke,fertility_loss_decline,severity=0,-14.22911175614468,31.378083878845203,Zambia/TLC_Petauke_Chandema_Younger_Men.shp,pt_01783
pt_01784,Petauke - gulley,petauke,Petauke,gulley,severity=5,-14.230041911927866,31.378751682997233,Zambia/TLC_Petauke_Chandema_Younger_Men.shp,pt_01784
pt_01785,Petauke - erosion,petauke,Petauke,erosion,severity=5,-14.23039966415217,31.377368374396593,Zambia/TLC_Petauke_Chandema_Younger_Men.shp,pt_01785
pt_01786,Petauke - seasonal_wetland,petauke,Petauke,seasonal_wetland,severity=0,-14.235265094402697,31.368531894456325,Zambia/TLC_Petauke_Chandema_Younger_Men.shp,pt_01786
pt_01787,Petauke - seasonal_wetland,petauke,Petauke,seasonal_wetland,severity=0,-14.233798310283055,31.370159667076905,Zambia/TLC_Petauke_Chandema_Younger_Men.shp,pt_01787
pt_01788,Petauke - seasonal_wetland,petauke,Petauke,seasonal_wetland,severity=0,-14.237416616279656,31.368352302839725,Zambia/TLC_Petauke_Chandema_Younger_Men.shp,pt_01788
pt_01789,Petauke - gulley,petauke,Petauke,gulley,severity=1,-14.238416414495846,31.37300785178534,Zambia/TLC_Petauke_Chandema_Younger_Men.shp,pt_01789
pt_01790,Petauke - erosion,petauke,Petauke,erosion,severity=5,-14.239152907074946,31.374404516469017,Zambia/TLC_Petauke_Chandema_Younger_Men.shp,pt_01790
pt_01791,Petauke - yield_decline,petauke,Petauke,yield_decline,severity=0,-14.239118562861412,31.373980937835444,Zambia/TLC_Petauke_Chandema_Younger_Men.shp,pt_01791
pt_01792,Petauke - fertility_loss_decline,petauke,Petauke,fertility_loss_decline,severity=0,-14.239374236451047,31.374007650001527,Zambia/TLC_Petauke_Chandema_Younger_Men.shp,pt_01792
pt_01793,Petauke - gulley,petauke,Petauke,gulley,severity=5,-14.242708227252203,31.377251010239178,Zambia/TLC_Petauke_Chandema_Younger_Men.shp,pt_01793
pt_01794,Petauke - gulley,petauke,Petauke,gulley,severity=5,-14.242923088207228,31.378094732525984,Zambia/TLC_Petauke_Chandema_Younger_Men.shp,pt_01794
pt_01795,Petauke - borehole,petauke,Petauke,borehole,severity=0,-14.241941645288763,31.376249653378547,Zambia/TLC_Petauke_Chandema_Younger_Men.shp,pt_01795
pt_01796,Petauke - gulley,petauke,Petauke,gulley,severity=5,-14.24280174126136,31.37910943522158,Zambia/TLC_Petauke_Chandema_Younger_Men.shp,pt_01796
pt_01797,Petauke - pollinators,petauke,Petauke,pollinators,severity=0,-14.242938402611044,31.37979655799372,Zambia/TLC_Petauke_Chandema_Younger_Men.shp,pt_01797
pt_01798,Petauke - sacred_forests,petauke,Petauke,sacred_forests,severity=0,-14.2428582661128,31.379521804285456,Zambia/TLC_Petauke_Chandema_Younger_Men.shp,pt_01798
pt_01799,Petauke - pollinators,petauke,Petauke,pollinators,severity=0,-14.241152503507333,31.38516570337608,Zambia/TLC_Petauke_Chandema_Younger_Men.shp,pt_01799
pt_01800,Petauke - borehole,petauke,Petauke,borehole,severity=1,-14.240553387782375,31.38260515145602,Zambia/TLC_Petauke_Chandema_Younger_Men.shp,pt_01800
pt_01801,Petauke - erosion,petauke,Petauke,erosion,severity=5,-14.239267387786755,31.390801970419258,Zambia/TLC_Petauke_Chandema_Younger_Men.shp,pt_01801
pt_01802,Petauke - erosion,petauke,Petauke,erosion,severity=5,-14.2368749794121,31.388041315755064,Zambia/TLC_Petauke_Chandema_Younger_Men.shp,pt_01802
pt_01803,Petauke - gulley,petauke,Petauke,gulley,severity=3,-14.237962307672511,31.382536463029,Zambia/TLC_Petauke_Chandema_Younger_Men.shp,pt_01803
pt_01804,Petauke - gulley,petauke,Petauke,gulley,severity=3,-14.236637968563512,31.381950584136327,Zambia/TLC_Petauke_Chandema_Younger_Men.shp,pt_01804
pt_01805,Petauke - erosion,petauke,Petauke,erosion,severity=5,-14.236023081927991,31.385686486270323,Zambia/TLC_Petauke_Chandema_Younger_Men.shp,pt_01805
pt_01806,Petauke - erosion,petauke,Petauke,erosion,severity=5,-14.23524720679154,31.389144385113376,Zambia/TLC_Petauke_Chandema_Younger_Men.shp,pt_01806
pt_01807,Petauke - erosion,petauke,Petauke,erosion,severity=5,-14.232993367778455,31.383754251600582,Zambia/TLC_Petauke_Chandema_Younger_Men.shp,pt_01807
pt_01808,Petauke - erosion,petauke,Petauke,erosion,severity=5,-14.232432889293717,31.389514062411873,Zambia/TLC_Petauke_Chandema_Younger_Men.shp,pt_01808
pt_01809,Petauke - erosion,petauke,Petauke,erosion,severity=5,-14.232974764662812,31.376140807264505,Zambia/TLC_Petauke_Chandema_Younger_Men.shp,pt_01809
pt_01810,Petauke - pollinators,petauke,Petauke,pollinators,severity=0,-14.23395817941713,31.372654352307677,Zambia/TLC_Petauke_Chandema_Younger_Men.shp,pt_01810
pt_01811,Petauke - gulley,petauke,Petauke,gulley,severity=5,-14.234830878603084,31.374595131094352,Zambia/TLC_Petauke_Chandema_Younger_Men.shp,pt_01811
pt_01812,Petauke - gulley,petauke,Petauke,gulley,severity=2,-14.235265057302563,31.37540704526238,Zambia/TLC_Petauke_Chandema_Younger_Men.shp,pt_01812
pt_01813,Petauke - fertility_loss_decline,petauke,Petauke,fertility_loss_decline,severity=0,-14.234773046000317,31.376139765235628,Zambia/TLC_Petauke_Chandema_Younger_Men.shp,pt_01813
pt_01814,Petauke - erosion,petauke,Petauke,erosion,severity=5,-14.234617436354425,31.375742404889863,Zambia/TLC_Petauke_Chandema_Younger_Men.shp,pt_01814
pt_01815,Petauke - erosion,petauke,Petauke,erosion,severity=5,-14.237468983115429,31.374470851783425,Zambia/TLC_Petauke_Chandema_Younger_Men.shp,pt_01815
pt_01816,Petauke - fertility_loss_decline,petauke,Petauke,fertility_loss_decline,severity=0,-14.237669052660149,31.37480596827083,Zambia/TLC_Petauke_Chandema_Younger_Men.shp,pt_01816
pt_01817,Petauke - gulley,petauke,Petauke,gulley,severity=3,-14.238474332577647,31.37423577006838,Zambia/TLC_Petauke_Chandema_Younger_Men.shp,pt_01817
pt_01818,Petauke - gulley,petauke,Petauke,gulley,severity=2,-14.2385443569183,31.375571234279388,Zambia/TLC_Petauke_Chandema_Younger_Men.shp,pt_01818
pt_01819,Petauke - gulley,petauke,Petauke,gulley,severity=2,-14.238529351702446,31.37651656287819,Zambia/TLC_Petauke_Chandema_Younger_Men.shp,pt_01819
pt_01820,Petauke - erosion,petauke,Petauke,erosion,severity=5,-14.23587342849629,31.374951018690766,Zambia/TLC_Petauke_Chandema_Younger_Men.shp,pt_01820
pt_01821,Petauke - gulley,petauke,Petauke,gulley,severity=2,-14.235493296361321,31.376286482901776,Zambia/TLC_Petauke_Chandema_Younger_Men.shp,pt_01821
pt_01822,Petauke - gulley,petauke,Petauke,gulley,severity=3,-14.235461858126172,31.38133346154953,Zambia/TLC_Petauke_Chandema_Younger_Men.shp,pt_01822
pt_01823,Petauke - gulley,petauke,Petauke,gulley,severity=5,-14.225233618828593,31.38391894734703,Zambia/TLC_Petauke_Chandema_Younger_Men.shp,pt_01823
pt_01824,Petauke - fertility_loss_decline,petauke,Petauke,fertility_loss_decline,severity=0,-14.232749935015816,31.376494259530432,Zambia/TLC_Petauke_Chandema_Younger_Men.shp,pt_01824
pt_01825,Petauke - fertility_loss_decline,petauke,Petauke,fertility_loss_decline,severity=0,-14.236110344963395,31.38987862704368,Zambia/TLC_Petauke_Chandema_Younger_Men.shp,pt_01825
pt_01826,Petauke - fertility_loss_decline,petauke,Petauke,fertility_loss_decline,severity=0,-14.233742061034944,31.388236097410097,Zambia/TLC_Petauke_Chandema_Younger_Men.shp,pt_01826
pt_01827,Petauke - fertility_loss_decline,petauke,Petauke,fertility_loss_decline,severity=0,-14.230148219184098,31.376641605007492,Zambia/TLC_Petauke_Chandema_Younger_Men.shp,pt_01827
pt_01828,Petauke - borehole,petauke,Petauke,borehole,severity=0,-14.235426353046872,31.377953427816863,Zambia/TLC_Petauke_Chandema_Younger_Men.shp,pt_01828
pt_01829,Petauke - stream_seasonal,petauke,Petauke,stream_seasonal,severity=0,-14.242538018679923,31.372166116217567,Zambia/TLC_Petauke_Chandema_Younger_Women.shp,pt_01829
pt_01830,Petauke - yields,petauke,Petauke,yields,severity=4,-14.238503322451955,31.385300715787217,Zambia/TLC_Petauke_Chandema_Younger_Women.shp,pt_01830
pt_01831,Petauke - flood,petauke,Petauke,flood,severity=5,-14.238145201436717,31.385109941040785,Zambia/TLC_Petauke_Chandema_Younger_Women.shp,pt_01831
pt_01832,Petauke - borehole,petauke,Petauke,borehole,severity=2,-14.239378961803475,31.383732262882887,Zambia/TLC_Petauke_Chandema_Younger_Women.shp,pt_01832
pt_01833,Petauke - seasonal_wetlands,petauke,Petauke,seasonal_wetlands,severity=0,-14.238856004713467,31.384501009805195,Zambia/TLC_Petauke_Chandema_Younger_Women.shp,pt_01833
pt_01834,Petauke - borehole,petauke,Petauke,borehole,severity=2,-14.241197606368008,31.380405336529943,Zambia/TLC_Petauke_Chandema_Younger_Women.shp,pt_01834
pt_01835,Petauke - grazery_high_pressure,petauke,Petauke,grazery_high_pressure,severity=5,-14.238453613746337,31.385599158410205,Zambia/TLC_Petauke_Chandema_Younger_Women.shp,pt_01835
pt_01836,Petauke - dam,petauke,Petauke,dam,severity=3,-14.238200817106149,31.385470461938837,Zambia/TLC_Petauke_Chandema_Younger_Women.shp,pt_01836
pt_01837,Petauke - irrigation,petauke,Petauke,irrigation,severity=2,-14.242951739272787,31.37477891065387,Zambia/TLC_Petauke_Chandema_Younger_Women.shp,pt_01837
pt_01838,Petauke - grazery_high_pressure,petauke,Petauke,grazery_high_pressure,severity=3,-14.242910556401949,31.375020124611634,Zambia/TLC_Petauke_Chandema_Younger_Women.shp,pt_01838
pt_01839,Petauke - seasonal_wetlands,petauke,Petauke,seasonal_wetlands,severity=3,-14.242645809375134,31.375020124611634,Zambia/TLC_Petauke_Chandema_Younger_Women.shp,pt_01839
pt_01840,Petauke - borehole,petauke,Petauke,borehole,severity=2,-14.242240967046634,31.375850400704074,Zambia/TLC_Petauke_Chandema_Younger_Women.shp,pt_01840
pt_01841,Petauke - gulley,petauke,Petauke,gulley,severity=3,-14.23535644123684,31.375849665295714,Zambia/TLC_Petauke_Chandema_Younger_Women.shp,pt_01841
pt_01842,Petauke - yield_decline,petauke,Petauke,yield_decline,severity=5,-14.235279958762426,31.375305463073925,Zambia/TLC_Petauke_Chandema_Younger_Women.shp,pt_01842
pt_01843,Petauke - water_conflicts,petauke,Petauke,water_conflicts,severity=1,-14.234385702138532,31.374081743483345,Zambia/TLC_Petauke_Chandema_Younger_Women.shp,pt_01843
pt_01844,Petauke - irrigation,petauke,Petauke,irrigation,severity=2,-14.228564209182235,31.375181914461486,Zambia/TLC_Petauke_Chandema_Younger_Women.shp,pt_01844
pt_01845,Petauke - gulley,petauke,Petauke,gulley,severity=5,-14.2293025592237,31.377249882904305,Zambia/TLC_Petauke_Chandema_Younger_Women.shp,pt_01845
pt_01846,Petauke - borehole,petauke,Petauke,borehole,severity=2,-14.231710837907212,31.380442106950557,Zambia/TLC_Petauke_Chandema_Younger_Women.shp,pt_01846
